Jul.Day,YYYY/MM/DD,Wdy,PLN/USD
2456660,02/01/2014,Thu,3.0485
2456661,03/01/2014,Fri,3.0659
2456664,06/01/2014,Mon,3.0629
2456665,07/01/2014,Tue,3.0691
2456666,08/01/2014,Wed,3.0754
2456667,09/01/2014,Thu,3.0739
2456668,10/01/2014,Fri,3.0452
2456671,13/01/2014,Mon,3.0454
2456672,14/01/2014,Tue,3.0305
2456673,15/01/2014,Wed,3.0565
2456674,16/01/2014,Thu,3.0665
2456675,17/01/2014,Fri,3.0703
2456678,20/01/2014,Mon,3.0654
2456679,21/01/2014,Tue,3.0743
2456680,22/01/2014,Wed,3.0722
2456681,23/01/2014,Thu,3.0569
2456682,24/01/2014,Fri,3.0677
2456685,27/01/2014,Mon,3.0759
2456686,28/01/2014,Tue,3.077
2456687,29/01/2014,Wed,3.0872
2456688,30/01/2014,Thu,3.123
2456689,31/01/2014,Fri,3.1454
2456692,03/02/2014,Mon,3.1386
2456693,04/02/2014,Tue,3.1141
2456694,05/02/2014,Wed,3.0991
2456695,06/02/2014,Thu,3.0773
2456696,07/02/2014,Fri,3.0691
2456699,10/02/2014,Mon,3.0646
2456700,11/02/2014,Tue,3.0557
2456701,12/02/2014,Wed,3.063
2456702,13/02/2014,Thu,3.0458
2456703,14/02/2014,Fri,3.0292
2456707,18/02/2014,Tue,3.0124
2456708,19/02/2014,Wed,3.0277
2456709,20/02/2014,Thu,3.0455
2456710,21/02/2014,Fri,3.0256
2456713,24/02/2014,Mon,3.0246
2456714,25/02/2014,Tue,3.021
2456715,26/02/2014,Wed,3.055
2456716,27/02/2014,Thu,3.0371
2456717,28/02/2014,Fri,3.0169
2456720,03/03/2014,Mon,3.0624
2456721,04/03/2014,Tue,3.0525
2456722,05/03/2014,Wed,3.0511
2456723,06/03/2014,Thu,3.0143
2456724,07/03/2014,Fri,3.0281
2456727,10/03/2014,Mon,3.0391
2456728,11/03/2014,Tue,3.0445
2456729,12/03/2014,Wed,3.0424
2456730,13/03/2014,Thu,3.0385
2456731,14/03/2014,Fri,3.0417
2456734,17/03/2014,Mon,3.0321
2456735,18/03/2014,Tue,3.0273
2456736,19/03/2014,Wed,3.0197
2456737,20/03/2014,Thu,3.0491
2456738,21/03/2014,Fri,3.046
2456741,24/03/2014,Mon,3.0456
2456742,25/03/2014,Tue,3.0427
2456743,26/03/2014,Wed,3.0338
2456744,27/03/2014,Thu,3.0293
2456745,28/03/2014,Fri,3.0312
2456748,31/03/2014,Mon,3.0266
2456749,01/04/2014,Tue,3.0252
2456750,02/04/2014,Wed,3.0322
2456751,03/04/2014,Thu,3.0408
2456752,04/04/2014,Fri,3.0368
2456755,07/04/2014,Mon,3.0332
2456756,08/04/2014,Tue,3.0188
2456757,09/04/2014,Wed,3.0169
2456758,10/04/2014,Thu,3.0044
2456759,11/04/2014,Fri,3.0093
2456762,14/04/2014,Mon,3.022
2456763,15/04/2014,Tue,3.0326
2456764,16/04/2014,Wed,3.0338
2456765,17/04/2014,Thu,3.0256
2456769,21/04/2014,Mon,3.0319
2456770,22/04/2014,Tue,3.0366
2456771,23/04/2014,Wed,3.0349
2456772,24/04/2014,Thu,3.0352
2456773,25/04/2014,Fri,3.0436
2456776,28/04/2014,Mon,3.0377
2456777,29/04/2014,Tue,3.0411
2456778,30/04/2014,Wed,3.0293
2456779,01/05/2014,Thu,3.0257
2456780,02/05/2014,Fri,3.0354
2456783,05/05/2014,Mon,3.0288
2456784,06/05/2014,Tue,3.0141
2456785,07/05/2014,Wed,3.0099
2456786,08/05/2014,Thu,3.0178
2456787,09/05/2014,Fri,3.0396
2456790,12/05/2014,Mon,3.0402
2456791,13/05/2014,Tue,3.0484
2456792,14/05/2014,Wed,3.0521
2456793,15/05/2014,Thu,3.0599
2456794,16/05/2014,Fri,3.055
2456798,20/05/2014,Tue,3.0578
2456799,21/05/2014,Wed,3.0625
2456800,22/05/2014,Thu,3.0501
2456801,23/05/2014,Fri,3.0499
2456804,26/05/2014,Mon,3.0523
2456805,27/05/2014,Tue,3.0531
2456806,28/05/2014,Wed,3.056
2456807,29/05/2014,Thu,3.0441
2456808,30/05/2014,Fri,3.0363
2456811,02/06/2014,Mon,3.0442
2456812,03/06/2014,Tue,3.048
2456813,04/06/2014,Wed,3.0338
2456814,05/06/2014,Thu,3.0347
2456815,06/06/2014,Fri,3.0036
2456818,09/06/2014,Mon,3.0205
2456819,10/06/2014,Tue,3.0328
2456820,11/06/2014,Wed,3.0329
2456821,12/06/2014,Thu,3.0335
2456822,13/06/2014,Fri,3.0468
2456825,16/06/2014,Mon,3.0512
2456826,17/06/2014,Tue,3.0595
2456827,18/06/2014,Wed,3.0508
2456828,19/06/2014,Thu,3.0416
2456829,20/06/2014,Fri,3.0655
2456832,23/06/2014,Mon,3.0573
2456833,24/06/2014,Tue,3.0581
2456834,25/06/2014,Wed,3.0337
2456835,26/06/2014,Thu,3.0557
2456836,27/06/2014,Fri,3.0512
2456839,30/06/2014,Mon,3.0381
2456841,02/07/2014,Wed,3.0382
2456842,03/07/2014,Thu,3.0409
2456843,04/07/2014,Fri,3.051
2456846,07/07/2014,Mon,3.048
2456847,08/07/2014,Tue,3.035
2456848,09/07/2014,Wed,3.035
2456849,10/07/2014,Thu,3.0469
2456850,11/07/2014,Fri,3.0472
2456853,14/07/2014,Mon,3.04
2456854,15/07/2014,Tue,3.0507
2456855,16/07/2014,Wed,3.0531
2456856,17/07/2014,Thu,3.0679
2456857,18/07/2014,Fri,3.0703
2456860,21/07/2014,Mon,3.0677
2456861,22/07/2014,Tue,3.0726
2456862,23/07/2014,Wed,3.0724
2456863,24/07/2014,Thu,3.0753
2456864,25/07/2014,Fri,3.0853
2456867,28/07/2014,Mon,3.0842
2456868,29/07/2014,Tue,3.0959
2456869,30/07/2014,Wed,3.1089
2456870,31/07/2014,Thu,3.1212
2456871,01/08/2014,Fri,3.1135
2456875,05/08/2014,Tue,3.1307
2456876,06/08/2014,Wed,3.1442
2456877,07/08/2014,Thu,3.1485
2456878,08/08/2014,Fri,3.1306
2456881,11/08/2014,Mon,3.1413
2456882,12/08/2014,Tue,3.1466
2456883,13/08/2014,Wed,3.1351
2456884,14/08/2014,Thu,3.1255
2456885,15/08/2014,Fri,3.1405
2456888,18/08/2014,Mon,3.1353
2456889,19/08/2014,Tue,3.1423
2456890,20/08/2014,Wed,3.1521
2456891,21/08/2014,Thu,3.1532
2456892,22/08/2014,Fri,3.1684
2456895,25/08/2014,Mon,3.1697
2456896,26/08/2014,Tue,3.1751
2456897,27/08/2014,Wed,3.1808
2456898,28/08/2014,Thu,3.2045
2456899,29/08/2014,Fri,3.2048
2456903,02/09/2014,Tue,3.2095
2456904,03/09/2014,Wed,3.1961
2456905,04/09/2014,Thu,3.2437
2456906,05/09/2014,Fri,3.2257
2456909,08/09/2014,Mon,3.2289
2456910,09/09/2014,Tue,3.2541
2456911,10/09/2014,Wed,3.2469
2456912,11/09/2014,Thu,3.2399
2456913,12/09/2014,Fri,3.2424
2456916,15/09/2014,Mon,3.2417
2456917,16/09/2014,Tue,3.2314
2456918,17/09/2014,Wed,3.2307
2456919,18/09/2014,Thu,3.2529
2456920,19/09/2014,Fri,3.2568
2456923,22/09/2014,Mon,3.2568
2456924,23/09/2014,Tue,3.2453
2456925,24/09/2014,Wed,3.2608
2456926,25/09/2014,Thu,3.2771
2456927,26/09/2014,Fri,3.2952
2456930,29/09/2014,Mon,3.2905
2456931,30/09/2014,Tue,3.314
2456932,01/10/2014,Wed,3.3109
2456933,02/10/2014,Thu,3.3011
2456934,03/10/2014,Fri,3.349
2456937,06/10/2014,Mon,3.318
2456938,07/10/2014,Tue,3.3122
2456939,08/10/2014,Wed,3.3005
2456940,09/10/2014,Thu,3.2917
2456941,10/10/2014,Fri,3.3147
2456945,14/10/2014,Tue,3.3203
2456946,15/10/2014,Wed,3.2961
2456947,16/10/2014,Thu,3.3048
2456948,17/10/2014,Fri,3.3073
2456951,20/10/2014,Mon,3.308
2456952,21/10/2014,Tue,3.3182
2456953,22/10/2014,Wed,3.343
2456954,23/10/2014,Thu,3.3414
2456955,24/10/2014,Fri,3.3234
2456958,27/10/2014,Mon,3.3246
2456959,28/10/2014,Tue,3.31
2456960,29/10/2014,Wed,3.3064
2456961,30/10/2014,Thu,3.3382
2456962,31/10/2014,Fri,3.3657
2456965,03/11/2014,Mon,3.3811
2456966,04/11/2014,Tue,3.3669
2456967,05/11/2014,Wed,3.386
2456968,06/11/2014,Thu,3.399
2456969,07/11/2014,Fri,3.4043
2456972,10/11/2014,Mon,3.3957
2456974,12/11/2014,Wed,3.3866
2456975,13/11/2014,Thu,3.3952
2456976,14/11/2014,Fri,3.3845
2456979,17/11/2014,Mon,3.3917
2456980,18/11/2014,Tue,3.3656
2456981,19/11/2014,Wed,3.36
2456982,20/11/2014,Thu,3.3647
2456983,21/11/2014,Fri,3.387
2456986,24/11/2014,Mon,3.3758
2456987,25/11/2014,Tue,3.3475
2456988,26/11/2014,Wed,3.344
2456989,27/11/2014,Thu,3.35
2456990,28/11/2014,Fri,3.3638
2456993,01/12/2014,Mon,3.3453
2456994,02/12/2014,Tue,3.3628
2456995,03/12/2014,Wed,3.3719
2456996,04/12/2014,Thu,3.345
2456997,05/12/2014,Fri,3.3836
2457000,08/12/2014,Mon,3.3841
2457001,09/12/2014,Tue,3.3515
2457002,10/12/2014,Wed,3.3583
2457003,11/12/2014,Thu,3.3708
2457004,12/12/2014,Fri,3.3556
2457007,15/12/2014,Mon,3.3564
2457008,16/12/2014,Tue,3.3754
2457009,17/12/2014,Wed,3.4143
2457010,18/12/2014,Thu,3.4568
2457011,19/12/2014,Fri,3.4849
2457014,22/12/2014,Mon,3.4786
2457015,23/12/2014,Tue,3.5308
2457016,24/12/2014,Wed,3.5307
2457021,29/12/2014,Mon,3.542
2457022,30/12/2014,Tue,3.5417
2457023,31/12/2014,Wed,3.5401
2457025,02/01/2015,Fri,3.5822
2457028,05/01/2015,Mon,3.6057
2457029,06/01/2015,Tue,3.6175
2457030,07/01/2015,Wed,3.6442
2457031,08/01/2015,Thu,3.6266
2457032,09/01/2015,Fri,3.6072
2457035,12/01/2015,Mon,3.6173
2457036,13/01/2015,Tue,3.6349
2457037,14/01/2015,Wed,3.6094
2457038,15/01/2015,Thu,3.7206
2457039,16/01/2015,Fri,3.7444
2457042,19/01/2015,Mon,3.7289
2457043,20/01/2015,Tue,3.7473
2457044,21/01/2015,Wed,3.7115
2457045,22/01/2015,Thu,3.7296
2457046,23/01/2015,Fri,3.7392
2457049,26/01/2015,Mon,3.7337
2457050,27/01/2015,Tue,3.7272
2457051,28/01/2015,Wed,3.7458
2457052,29/01/2015,Thu,3.7254
2457053,30/01/2015,Fri,3.7054
2457056,02/02/2015,Mon,3.6929
2457057,03/02/2015,Tue,3.6442
2457058,04/02/2015,Wed,3.6451
2457059,05/02/2015,Thu,3.646
2457060,06/02/2015,Fri,3.6671
2457063,09/02/2015,Mon,3.696
2457064,10/02/2015,Tue,3.7098
2457065,11/02/2015,Wed,3.7304
2457066,12/02/2015,Thu,3.6578
2457067,13/02/2015,Fri,3.6669
2457071,17/02/2015,Tue,3.6815
2457072,18/02/2015,Wed,3.6926
2457073,19/02/2015,Thu,3.6594
2457074,20/02/2015,Fri,3.675
2457077,23/02/2015,Mon,3.6859
2457078,24/02/2015,Tue,3.6733
2457079,25/02/2015,Wed,3.6591
2457080,26/02/2015,Thu,3.7029
2457081,27/02/2015,Fri,3.705
2457084,02/03/2015,Mon,3.7163
2457085,03/03/2015,Tue,3.7226
2457086,04/03/2015,Wed,3.7492
2457087,05/03/2015,Thu,3.763
2457088,06/03/2015,Fri,3.8023
2457091,09/03/2015,Mon,3.7969
2457092,10/03/2015,Tue,3.8859
2457093,11/03/2015,Wed,3.9034
2457094,12/03/2015,Thu,3.8941
2457095,13/03/2015,Fri,3.9564
2457098,16/03/2015,Mon,3.9013
2457099,17/03/2015,Tue,3.9109
2457100,18/03/2015,Wed,3.896
2457101,19/03/2015,Thu,3.8795
2457102,20/03/2015,Fri,3.8364
2457105,23/03/2015,Mon,3.7653
2457106,24/03/2015,Tue,3.7616
2457107,25/03/2015,Wed,3.723
2457108,26/03/2015,Thu,3.7361
2457109,27/03/2015,Fri,3.7687
2457112,30/03/2015,Mon,3.7799
2457113,31/03/2015,Tue,3.7939
2457114,01/04/2015,Wed,3.7704
2457115,02/04/2015,Thu,3.7455
2457119,06/04/2015,Mon,3.7015
2457120,07/04/2015,Tue,3.73
2457121,08/04/2015,Wed,3.7116
2457122,09/04/2015,Thu,3.7744
2457123,10/04/2015,Fri,3.7891
2457126,13/04/2015,Mon,3.7889
2457127,14/04/2015,Tue,3.7641
2457128,15/04/2015,Wed,3.7914
2457129,16/04/2015,Thu,3.7453
2457130,17/04/2015,Fri,3.7375
2457133,20/04/2015,Mon,3.7049
2457134,21/04/2015,Tue,3.7115
2457135,22/04/2015,Wed,3.7234
2457136,23/04/2015,Thu,3.7067
2457137,24/04/2015,Fri,3.708
2457140,27/04/2015,Mon,3.6604
2457141,28/04/2015,Tue,3.6427
2457142,29/04/2015,Wed,3.592
2457143,30/04/2015,Thu,3.6187
2457144,01/05/2015,Fri,3.6394
2457147,04/05/2015,Mon,3.6185
2457148,05/05/2015,Tue,3.6091
2457149,06/05/2015,Wed,3.5593
2457150,07/05/2015,Thu,3.5893
2457151,08/05/2015,Fri,3.604
2457154,11/05/2015,Mon,3.6538
2457155,12/05/2015,Tue,3.6446
2457156,13/05/2015,Wed,3.5986
2457157,14/05/2015,Thu,3.5786
2457158,15/05/2015,Fri,3.5428
2457162,19/05/2015,Tue,3.6375
2457163,20/05/2015,Wed,3.685
2457164,21/05/2015,Thu,3.6828
2457165,22/05/2015,Fri,3.7214
2457168,25/05/2015,Mon,3.7398
2457169,26/05/2015,Tue,3.8129
2457170,27/05/2015,Wed,3.7902
2457171,28/05/2015,Thu,3.797
2457172,29/05/2015,Fri,3.741
2457175,01/06/2015,Mon,3.7847
2457176,02/06/2015,Tue,3.7072
2457177,03/06/2015,Wed,3.688
2457178,04/06/2015,Thu,3.6914
2457179,05/06/2015,Fri,3.7437
2457182,08/06/2015,Mon,3.7119
2457183,09/06/2015,Tue,3.6955
2457184,10/06/2015,Wed,3.6585
2457185,11/06/2015,Thu,3.6824
2457186,12/06/2015,Fri,3.6772
2457189,15/06/2015,Mon,3.6951
2457190,16/06/2015,Tue,3.6861
2457191,17/06/2015,Wed,3.7072
2457192,18/06/2015,Thu,3.6631
2457193,19/06/2015,Fri,3.6885
2457196,22/06/2015,Mon,3.667
2457197,23/06/2015,Tue,3.7219
2457198,24/06/2015,Wed,3.7327
2457199,25/06/2015,Thu,3.7246
2457200,26/06/2015,Fri,3.7451
2457203,29/06/2015,Mon,3.7521
2457204,30/06/2015,Tue,3.755
2457206,02/07/2015,Thu,3.7793
2457207,03/07/2015,Fri,3.7796
2457210,06/07/2015,Mon,3.7939
2457211,07/07/2015,Tue,3.8478
2457212,08/07/2015,Wed,3.8285
2457213,09/07/2015,Thu,3.8283
2457214,10/07/2015,Fri,3.7419
2457217,13/07/2015,Mon,3.7535
2457218,14/07/2015,Tue,3.7527
2457219,15/07/2015,Wed,3.7695
2457220,16/07/2015,Thu,3.7734
2457221,17/07/2015,Fri,3.7873
2457224,20/07/2015,Mon,3.8015
2457225,21/07/2015,Tue,3.7831
2457226,22/07/2015,Wed,3.7789
2457227,23/07/2015,Thu,3.7486
2457228,24/07/2015,Fri,3.7767
2457231,27/07/2015,Mon,3.7116
2457232,28/07/2015,Tue,3.7295
2457233,29/07/2015,Wed,3.7458
2457234,30/07/2015,Thu,3.7999
2457235,31/07/2015,Fri,3.7599
2457239,04/08/2015,Tue,3.8043
2457240,05/08/2015,Wed,3.8401
2457241,06/08/2015,Thu,3.8479
2457242,07/08/2015,Fri,3.8257
2457245,10/08/2015,Mon,3.8231
2457246,11/08/2015,Tue,3.8055
2457247,12/08/2015,Wed,3.7419
2457248,13/08/2015,Thu,3.7548
2457249,14/08/2015,Fri,3.7689
2457252,17/08/2015,Mon,3.7553
2457253,18/08/2015,Tue,3.7772
2457254,19/08/2015,Wed,3.7754
2457255,20/08/2015,Thu,3.7393
2457256,21/08/2015,Fri,3.7144
2457259,24/08/2015,Mon,3.6591
2457260,25/08/2015,Tue,3.7098
2457261,26/08/2015,Wed,3.7222
2457262,27/08/2015,Thu,3.7695
2457263,28/08/2015,Fri,3.7814
2457266,31/08/2015,Mon,3.7758
2457267,01/09/2015,Tue,3.7665
2457268,02/09/2015,Wed,3.7687
2457269,03/09/2015,Thu,3.7939
2457270,04/09/2015,Fri,3.7923
2457274,08/09/2015,Tue,3.7786
2457275,09/09/2015,Wed,3.7758
2457276,10/09/2015,Thu,3.7384
2457277,11/09/2015,Fri,3.7146
2457280,14/09/2015,Mon,3.7244
2457281,15/09/2015,Tue,3.7277
2457282,16/09/2015,Wed,3.7152
2457283,17/09/2015,Thu,3.7207
2457284,18/09/2015,Fri,3.7023
2457287,21/09/2015,Mon,3.7345
2457288,22/09/2015,Tue,3.7829
2457289,23/09/2015,Wed,3.7794
2457290,24/09/2015,Thu,3.7556
2457291,25/09/2015,Fri,3.7801
2457294,28/09/2015,Mon,3.7743
2457295,29/09/2015,Tue,3.7773
2457296,30/09/2015,Wed,3.804
2457297,01/10/2015,Thu,3.7954
2457298,02/10/2015,Fri,3.769
2457301,05/10/2015,Mon,3.7906
2457302,06/10/2015,Tue,3.7658
2457303,07/10/2015,Wed,3.7655
2457304,08/10/2015,Thu,3.744
2457305,09/10/2015,Fri,3.7191
2457309,13/10/2015,Tue,3.7177
2457310,14/10/2015,Wed,3.6986
2457311,15/10/2015,Thu,3.7123
2457312,16/10/2015,Fri,3.7303
2457315,19/10/2015,Mon,3.7512
2457316,20/10/2015,Tue,3.7497
2457317,21/10/2015,Wed,3.782
2457318,22/10/2015,Thu,3.8314
2457319,23/10/2015,Fri,3.8662
2457322,26/10/2015,Mon,3.8641
2457323,27/10/2015,Tue,3.875
2457324,28/10/2015,Wed,3.8682
2457325,29/10/2015,Thu,3.9011
2457326,30/10/2015,Fri,3.8525
2457329,02/11/2015,Mon,3.864
2457330,03/11/2015,Tue,3.8867
2457331,04/11/2015,Wed,3.8958
2457332,05/11/2015,Thu,3.9106
2457333,06/11/2015,Fri,3.9761
2457336,09/11/2015,Mon,3.9521
2457337,10/11/2015,Tue,3.9733
2457339,12/11/2015,Thu,3.93
2457340,13/11/2015,Fri,3.9561
2457343,16/11/2015,Mon,3.9682
2457344,17/11/2015,Tue,3.9964
2457345,18/11/2015,Wed,3.9943
2457346,19/11/2015,Thu,3.9556
2457347,20/11/2015,Fri,3.9791
2457350,23/11/2015,Mon,4.0075
2457351,24/11/2015,Tue,4.0012
2457352,25/11/2015,Wed,4.0209
2457353,26/11/2015,Thu,4.0291
2457354,27/11/2015,Fri,4.0302
2457357,30/11/2015,Mon,4.0403
2457358,01/12/2015,Tue,4.0326
2457359,02/12/2015,Wed,4.0473
2457360,03/12/2015,Thu,3.9604
2457361,04/12/2015,Fri,3.96
2457364,07/12/2015,Mon,3.9823
2457365,08/12/2015,Tue,3.9944
2457366,09/12/2015,Wed,3.9543
2457367,10/12/2015,Thu,3.9705
2457368,11/12/2015,Fri,3.9664
2457371,14/12/2015,Mon,3.9576
2457372,15/12/2015,Tue,3.9711
2457373,16/12/2015,Wed,3.9353
2457374,17/12/2015,Thu,3.9778
2457375,18/12/2015,Fri,3.9304
2457378,21/12/2015,Mon,3.8915
2457379,22/12/2015,Tue,3.8789
2457380,23/12/2015,Wed,3.8998
2457381,24/12/2015,Thu,3.8673
2457386,29/12/2015,Tue,3.8763
2457387,30/12/2015,Wed,3.8989
2457388,31/12/2015,Thu,3.9464
2457392,04/01/2016,Mon,3.9843
2457393,05/01/2016,Tue,4.0095
2457394,06/01/2016,Wed,4.0448
2457395,07/01/2016,Thu,3.9946
2457396,08/01/2016,Fri,4.0065
2457399,11/01/2016,Mon,4.0116
2457400,12/01/2016,Tue,4.0268
2457401,13/01/2016,Wed,3.9994
2457402,14/01/2016,Thu,4.0419
2457403,15/01/2016,Fri,4.0878
2457406,18/01/2016,Mon,4.0957
2457407,19/01/2016,Tue,4.0747
2457408,20/01/2016,Wed,4.127
2457409,21/01/2016,Thu,4.1368
2457410,22/01/2016,Fri,4.1197
2457413,25/01/2016,Mon,4.1274
2457414,26/01/2016,Tue,4.1129
2457415,27/01/2016,Wed,4.1194
2457416,28/01/2016,Thu,4.0827
2457417,29/01/2016,Fri,4.0871
2457420,01/02/2016,Mon,4.0433
2457421,02/02/2016,Tue,4.0391
2457422,03/02/2016,Wed,3.9948
2457423,04/02/2016,Thu,3.9465
2457424,05/02/2016,Fri,3.9657
2457427,08/02/2016,Mon,3.9843
2457428,09/02/2016,Tue,3.9295
2457429,10/02/2016,Wed,3.9391
2457430,11/02/2016,Thu,3.8922
2457431,12/02/2016,Fri,3.9204
2457435,16/02/2016,Tue,3.9555
2457436,17/02/2016,Wed,3.9515
2457437,18/02/2016,Thu,3.953
2457438,19/02/2016,Fri,3.9286
2457441,22/02/2016,Mon,3.9552
2457442,23/02/2016,Tue,3.9723
2457443,24/02/2016,Wed,3.9683
2457444,25/02/2016,Thu,3.9554
2457445,26/02/2016,Fri,3.995
2457448,29/02/2016,Mon,3.9997
2457449,01/03/2016,Tue,3.9949
2457450,02/03/2016,Wed,3.9941
2457451,03/03/2016,Thu,3.9713
2457452,04/03/2016,Fri,3.9261
2457455,07/03/2016,Mon,3.9375
2457456,08/03/2016,Tue,3.9195
2457457,09/03/2016,Wed,3.9125
2457458,10/03/2016,Thu,3.8819
2457459,11/03/2016,Fri,3.8405
2457462,14/03/2016,Mon,3.8564
2457463,15/03/2016,Tue,3.8688
2457464,16/03/2016,Wed,3.8787
2457465,17/03/2016,Thu,3.7865
2457466,18/03/2016,Fri,3.776
2457469,21/03/2016,Mon,3.7793
2457470,22/03/2016,Tue,3.7939
2457471,23/03/2016,Wed,3.8104
2457472,24/03/2016,Thu,3.8239
2457476,28/03/2016,Mon,3.7918
2457477,29/03/2016,Tue,3.7973
2457478,30/03/2016,Wed,3.7604
2457479,31/03/2016,Thu,3.7284
2457480,01/04/2016,Fri,3.7309
2457483,04/04/2016,Mon,3.7256
2457484,05/04/2016,Tue,3.7415
2457485,06/04/2016,Wed,3.7352
2457486,07/04/2016,Thu,3.7695
2457487,08/04/2016,Fri,3.7645
2457490,11/04/2016,Mon,3.7505
2457491,12/04/2016,Tue,3.77
2457492,13/04/2016,Wed,3.806
2457493,14/04/2016,Thu,3.818
2457494,15/04/2016,Fri,3.8008
2457497,18/04/2016,Mon,3.8072
2457498,19/04/2016,Tue,3.7745
2457499,20/04/2016,Wed,3.7794
2457500,21/04/2016,Thu,3.8122
2457501,22/04/2016,Fri,3.8877
2457504,25/04/2016,Mon,3.9136
2457505,26/04/2016,Tue,3.8693
2457506,27/04/2016,Wed,3.8889
2457507,28/04/2016,Thu,3.8836
2457508,29/04/2016,Fri,3.8201
2457511,02/05/2016,Mon,3.8151
2457512,03/05/2016,Tue,3.8257
2457513,04/05/2016,Wed,3.83
2457514,05/05/2016,Thu,3.8574
2457515,06/05/2016,Fri,3.8767
2457518,09/05/2016,Mon,3.8846
2457519,10/05/2016,Tue,3.8869
2457520,11/05/2016,Wed,3.8663
2457521,12/05/2016,Thu,3.8799
2457522,13/05/2016,Fri,3.907
2457525,16/05/2016,Mon,3.8526
2457526,17/05/2016,Tue,3.8566
2457527,18/05/2016,Wed,3.8987
2457528,19/05/2016,Thu,3.9364
2457529,20/05/2016,Fri,3.9447
2457533,24/05/2016,Tue,3.9727
2457534,25/05/2016,Wed,3.9523
2457535,26/05/2016,Thu,3.9432
2457536,27/05/2016,Fri,3.9403
2457539,30/05/2016,Mon,3.9471
2457540,31/05/2016,Tue,3.9375
2457541,01/06/2016,Wed,3.9312
2457542,02/06/2016,Thu,3.9315
2457543,03/06/2016,Fri,3.8755
2457546,06/06/2016,Mon,3.8353
2457547,07/06/2016,Tue,3.829
2457548,08/06/2016,Wed,3.7907
2457549,09/06/2016,Thu,3.83
2457550,10/06/2016,Fri,3.8641
2457553,13/06/2016,Mon,3.9095
2457554,14/06/2016,Tue,3.9517
2457555,15/06/2016,Wed,3.9396
2457556,16/06/2016,Thu,3.9771
2457557,17/06/2016,Fri,3.9394
2457560,20/06/2016,Mon,3.8774
2457561,21/06/2016,Tue,3.9079
2457562,22/06/2016,Wed,3.8919
2457563,23/06/2016,Thu,3.8398
2457564,24/06/2016,Fri,4.0074
2457567,27/06/2016,Mon,4.0377
2457568,28/06/2016,Tue,4.008
2457569,29/06/2016,Wed,3.9776
2457570,30/06/2016,Thu,3.9625
2457574,04/07/2016,Mon,3.9789
2457575,05/07/2016,Tue,4.0139
2457576,06/07/2016,Wed,4.0089
2457577,07/07/2016,Thu,4.0037
2457578,08/07/2016,Fri,3.9979
2457581,11/07/2016,Mon,4.0131
2457582,12/07/2016,Tue,3.9853
2457583,13/07/2016,Wed,3.9746
2457584,14/07/2016,Thu,3.9714
2457585,15/07/2016,Fri,3.9899
2457588,18/07/2016,Mon,3.9513
2457589,19/07/2016,Tue,3.9735
2457590,20/07/2016,Wed,3.9732
2457591,21/07/2016,Thu,3.9555
2457592,22/07/2016,Fri,3.9693
2457595,25/07/2016,Mon,3.9691
2457596,26/07/2016,Tue,3.9691
2457597,27/07/2016,Wed,3.9807
2457598,28/07/2016,Thu,3.9313
2457599,29/07/2016,Fri,3.8987
2457603,02/08/2016,Tue,3.8531
2457604,03/08/2016,Wed,3.8482
2457605,04/08/2016,Thu,3.8536
2457606,05/08/2016,Fri,3.8617
2457609,08/08/2016,Mon,3.8525
2457610,09/08/2016,Tue,3.8365
2457611,10/08/2016,Wed,3.8154
2457612,11/08/2016,Thu,3.8144
2457613,12/08/2016,Fri,3.8208
2457616,15/08/2016,Mon,3.8084
2457617,16/08/2016,Tue,3.7919
2457618,17/08/2016,Wed,3.8155
2457619,18/08/2016,Thu,3.7841
2457620,19/08/2016,Fri,3.8078
2457623,22/08/2016,Mon,3.8076
2457624,23/08/2016,Tue,3.8003
2457625,24/08/2016,Wed,3.8307
2457626,25/08/2016,Thu,3.8434
2457627,26/08/2016,Fri,3.8418
2457630,29/08/2016,Mon,3.8851
2457631,30/08/2016,Tue,3.9103
2457632,31/08/2016,Wed,3.9164
2457633,01/09/2016,Thu,3.9021
2457634,02/09/2016,Fri,3.913
2457638,06/09/2016,Tue,3.8626
2457639,07/09/2016,Wed,3.8539
2457640,08/09/2016,Thu,3.8385
2457641,09/09/2016,Fri,3.8639
2457644,12/09/2016,Mon,3.8793
2457645,13/09/2016,Tue,3.8681
2457646,14/09/2016,Wed,3.8508
2457647,15/09/2016,Thu,3.8427
2457648,16/09/2016,Fri,3.8668
2457651,19/09/2016,Mon,3.844
2457652,20/09/2016,Tue,3.8509
2457653,21/09/2016,Wed,3.8488
2457654,22/09/2016,Thu,3.8103
2457655,23/09/2016,Fri,3.8393
2457658,26/09/2016,Mon,3.8098
2457659,27/09/2016,Tue,3.8234
2457660,28/09/2016,Wed,3.836
2457661,29/09/2016,Thu,3.8329
2457662,30/09/2016,Fri,3.832
2457665,03/10/2016,Mon,3.8356
2457666,04/10/2016,Tue,3.8374
2457667,05/10/2016,Wed,3.8386
2457668,06/10/2016,Thu,3.8401
2457669,07/10/2016,Fri,3.8384
2457673,11/10/2016,Tue,3.8744
2457674,12/10/2016,Wed,3.9108
2457675,13/10/2016,Thu,3.8868
2457676,14/10/2016,Fri,3.919
2457679,17/10/2016,Mon,3.9312
2457680,18/10/2016,Tue,3.9269
2457681,19/10/2016,Wed,3.9349
2457682,20/10/2016,Thu,3.9539
2457683,21/10/2016,Fri,3.9809
2457686,24/10/2016,Mon,3.9656
2457687,25/10/2016,Tue,3.9684
2457688,26/10/2016,Wed,3.9691
2457689,27/10/2016,Thu,3.978
2457690,28/10/2016,Fri,3.9624
2457693,31/10/2016,Mon,3.9432
2457694,01/11/2016,Tue,3.8949
2457695,02/11/2016,Wed,3.8981
2457696,03/11/2016,Thu,3.8992
2457697,04/11/2016,Fri,3.8898
2457700,07/11/2016,Mon,3.9212
2457701,08/11/2016,Tue,3.9296
2457702,09/11/2016,Wed,3.9727
2457703,10/11/2016,Thu,4.0248
2457707,14/11/2016,Mon,4.122
2457708,15/11/2016,Tue,4.1287
2457709,16/11/2016,Wed,4.1561
2457710,17/11/2016,Thu,4.1744
2457711,18/11/2016,Fri,4.1906
2457714,21/11/2016,Mon,4.1834
2457715,22/11/2016,Tue,4.1674
2457716,23/11/2016,Wed,4.1924
2457717,24/11/2016,Thu,4.1859
2457718,25/11/2016,Fri,4.1658
2457721,28/11/2016,Mon,4.1852
2457722,29/11/2016,Tue,4.1775
2457723,30/11/2016,Wed,4.2075
2457724,01/12/2016,Thu,4.2107
2457725,02/12/2016,Fri,4.2029
2457728,05/12/2016,Mon,4.2
2457729,06/12/2016,Tue,4.1594
2457730,07/12/2016,Wed,4.1271
2457731,08/12/2016,Thu,4.1852
2457732,09/12/2016,Fri,4.2274
2457735,12/12/2016,Mon,4.1967
2457736,13/12/2016,Tue,4.1757
2457737,14/12/2016,Wed,4.1542
2457738,15/12/2016,Thu,4.272
2457739,16/12/2016,Fri,4.2262
2457742,19/12/2016,Mon,4.2302
2457743,20/12/2016,Tue,4.2403
2457744,21/12/2016,Wed,4.2288
2457745,22/12/2016,Thu,4.2272
2457746,23/12/2016,Fri,4.2191
2457751,28/12/2016,Wed,4.2389
2457752,29/12/2016,Thu,4.2071
2457753,30/12/2016,Fri,4.2065
2457757,03/01/2017,Tue,4.2192
2457758,04/01/2017,Wed,4.171
2457759,05/01/2017,Thu,4.1184
2457760,06/01/2017,Fri,4.1261
2457763,09/01/2017,Mon,4.1409
2457764,10/01/2017,Tue,4.1365
2457765,11/01/2017,Wed,4.1649
2457766,12/01/2017,Thu,4.1031
2457767,13/01/2017,Fri,4.1279
2457770,16/01/2017,Mon,4.1276
2457771,17/01/2017,Tue,4.0876
2457772,18/01/2017,Wed,4.0846
2457773,19/01/2017,Thu,4.1075
2457774,20/01/2017,Fri,4.0905
2457777,23/01/2017,Mon,4.0701
2457778,24/01/2017,Tue,4.0668
2457779,25/01/2017,Wed,4.0555
2457780,26/01/2017,Thu,4.0759
2457781,27/01/2017,Fri,4.0494
2457784,30/01/2017,Mon,4.0536
2457785,31/01/2017,Tue,4.0055
2457786,01/02/2017,Wed,4.0101
2457787,02/02/2017,Thu,3.9972
2457788,03/02/2017,Fri,3.9926
2457791,06/02/2017,Mon,4.0015
2457792,07/02/2017,Tue,4.0205
2457793,08/02/2017,Wed,4.0297
2457794,09/02/2017,Thu,4.0509
2457795,10/02/2017,Fri,4.0477
2457798,13/02/2017,Mon,4.0707
2457799,14/02/2017,Tue,4.0712
2457800,15/02/2017,Wed,4.0697
2457801,16/02/2017,Thu,4.0477
2457802,17/02/2017,Fri,4.0784
2457806,21/02/2017,Tue,4.0747
2457807,22/02/2017,Wed,4.0801
2457808,23/02/2017,Thu,4.0686
2457809,24/02/2017,Fri,4.081
2457812,27/02/2017,Mon,4.0585
2457813,28/02/2017,Tue,4.0588
2457814,01/03/2017,Wed,4.0578
2457815,02/03/2017,Thu,4.0817
2457816,03/03/2017,Fri,4.0701
2457819,06/03/2017,Mon,4.076
2457820,07/03/2017,Tue,4.0682
2457821,08/03/2017,Wed,4.0814
2457822,09/03/2017,Thu,4.085
2457823,10/03/2017,Fri,4.0618
2457826,13/03/2017,Mon,4.0693
2457827,14/03/2017,Tue,4.0637
2457828,15/03/2017,Wed,4.0552
2457829,16/03/2017,Thu,4.0012
2457830,17/03/2017,Fri,3.9919
2457833,20/03/2017,Mon,3.9777
2457834,21/03/2017,Tue,3.9572
2457835,22/03/2017,Wed,3.9558
2457836,23/03/2017,Thu,3.9564
2457837,24/03/2017,Fri,3.946
2457840,27/03/2017,Mon,3.9019
2457841,28/03/2017,Tue,3.9016
2457842,29/03/2017,Wed,3.9272
2457843,30/03/2017,Thu,3.9299
2457844,31/03/2017,Fri,3.9637
2457847,03/04/2017,Mon,3.986
2457848,04/04/2017,Tue,3.9878
2457849,05/04/2017,Wed,3.9701
2457850,06/04/2017,Thu,3.9778
2457851,07/04/2017,Fri,3.9742
2457854,10/04/2017,Mon,3.9985
2457855,11/04/2017,Tue,4.0045
2457856,12/04/2017,Wed,4.0018
2457857,13/04/2017,Thu,3.9919
2457861,17/04/2017,Mon,3.9895
2457862,18/04/2017,Tue,3.9589
2457863,19/04/2017,Wed,3.9708
2457864,20/04/2017,Thu,3.9682
2457865,21/04/2017,Fri,3.9867
2457868,24/04/2017,Mon,3.9075
2457869,25/04/2017,Tue,3.8613
2457870,26/04/2017,Wed,3.8912
2457871,27/04/2017,Thu,3.886
2457872,28/04/2017,Fri,3.881
2457875,01/05/2017,Mon,3.8713
2457876,02/05/2017,Tue,3.8403
2457877,03/05/2017,Wed,3.8586
2457878,04/05/2017,Thu,3.8523
2457879,05/05/2017,Fri,3.828
2457882,08/05/2017,Mon,3.8713
2457883,09/05/2017,Tue,3.8856
2457884,10/05/2017,Wed,3.8709
2457885,11/05/2017,Thu,3.8893
2457886,12/05/2017,Fri,3.8543
2457889,15/05/2017,Mon,3.8216
2457890,16/05/2017,Tue,3.7626
2457891,17/05/2017,Wed,3.758
2457892,18/05/2017,Thu,3.7951
2457893,19/05/2017,Fri,3.7469
2457897,23/05/2017,Tue,3.7578
2457898,24/05/2017,Wed,3.7178
2457899,25/05/2017,Thu,3.7251
2457900,26/05/2017,Fri,3.7395
2457903,29/05/2017,Mon,3.7571
2457904,30/05/2017,Tue,3.7363
2457905,31/05/2017,Wed,3.7204
2457906,01/06/2017,Thu,3.7388
2457907,02/06/2017,Fri,3.7088
2457910,05/06/2017,Mon,3.7168
2457911,06/06/2017,Tue,3.7211
2457912,07/06/2017,Wed,3.7414
2457913,08/06/2017,Thu,3.7537
2457914,09/06/2017,Fri,3.7378
2457917,12/06/2017,Mon,3.7448
2457918,13/06/2017,Tue,3.7393
2457919,14/06/2017,Wed,3.7407
2457920,15/06/2017,Thu,3.7924
2457921,16/06/2017,Fri,3.7608
2457924,19/06/2017,Mon,3.784
2457925,20/06/2017,Tue,3.8138
2457926,21/06/2017,Wed,3.8116
2457927,22/06/2017,Thu,3.7983
2457928,23/06/2017,Fri,3.7727
2457931,26/06/2017,Mon,3.7579
2457932,27/06/2017,Tue,3.7371
2457933,28/06/2017,Wed,3.7166
2457934,29/06/2017,Thu,3.7113
2457935,30/06/2017,Fri,3.7027
2457939,04/07/2017,Tue,3.7297
2457940,05/07/2017,Wed,3.7283
2457941,06/07/2017,Thu,3.7124
2457942,07/07/2017,Fri,3.7151
2457945,10/07/2017,Mon,3.718
2457946,11/07/2017,Tue,3.6925
2457947,12/07/2017,Wed,3.7003
2457948,13/07/2017,Thu,3.7059
2457949,14/07/2017,Fri,3.6664
2457952,17/07/2017,Mon,3.6492
2457953,18/07/2017,Tue,3.6369
2457954,19/07/2017,Wed,3.6505
2457955,20/07/2017,Thu,3.6267
2457956,21/07/2017,Fri,3.6582
2457959,24/07/2017,Mon,3.6636
2457960,25/07/2017,Tue,3.6629
2457961,26/07/2017,Wed,3.6224
2457962,27/07/2017,Thu,3.639
2457963,28/07/2017,Fri,3.6196
2457966,31/07/2017,Mon,3.596
2457967,01/08/2017,Tue,3.603
2457968,02/08/2017,Wed,3.5955
2457969,03/08/2017,Thu,3.5707
2457970,04/08/2017,Fri,3.6053
2457974,08/08/2017,Tue,3.6307
2457975,09/08/2017,Wed,3.6293
2457976,10/08/2017,Thu,3.636
2457977,11/08/2017,Fri,3.6227
2457980,14/08/2017,Mon,3.6365
2457981,15/08/2017,Tue,3.6546
2457982,16/08/2017,Wed,3.6253
2457983,17/08/2017,Thu,3.6424
2457984,18/08/2017,Fri,3.6337
2457987,21/08/2017,Mon,3.6199
2457988,22/08/2017,Tue,3.6357
2457989,23/08/2017,Wed,3.6279
2457990,24/08/2017,Thu,3.6126
2457991,25/08/2017,Fri,3.5721
2457994,28/08/2017,Mon,3.5559
2457995,29/08/2017,Tue,3.5525
2457996,30/08/2017,Wed,3.5763
2457997,31/08/2017,Thu,3.565
2457998,01/09/2017,Fri,3.5865
2458002,05/09/2017,Tue,3.5505
2458003,06/09/2017,Wed,3.5633
2458004,07/09/2017,Thu,3.5312
2458005,08/09/2017,Fri,3.5265
2458008,11/09/2017,Mon,3.5518
2458009,12/09/2017,Tue,3.5558
2458010,13/09/2017,Wed,3.6052
2458011,14/09/2017,Thu,3.5922
2458012,15/09/2017,Fri,3.5801
2458015,18/09/2017,Mon,3.5875
2458016,19/09/2017,Tue,3.569
2458017,20/09/2017,Wed,3.6022
2458018,21/09/2017,Thu,3.5778
2458019,22/09/2017,Fri,3.5702
2458022,25/09/2017,Mon,3.6083
2458023,26/09/2017,Tue,3.635
2458024,27/09/2017,Wed,3.682
2458025,28/09/2017,Thu,3.6613
2458026,29/09/2017,Fri,3.6506
2458029,02/10/2017,Mon,3.6833
2458030,03/10/2017,Tue,3.6686
2458031,04/10/2017,Wed,3.658
2458032,05/10/2017,Thu,3.6774
2458033,06/10/2017,Fri,3.6743
2458037,10/10/2017,Tue,3.6338
2458038,11/10/2017,Wed,3.5985
2458039,12/10/2017,Thu,3.6044
2458040,13/10/2017,Fri,3.5924
2458043,16/10/2017,Mon,3.5921
2458044,17/10/2017,Tue,3.5967
2458045,18/10/2017,Wed,3.5853
2458046,19/10/2017,Thu,3.5716
2458047,20/10/2017,Fri,3.594
2458050,23/10/2017,Mon,3.5957
2458051,24/10/2017,Tue,3.6113
2458052,25/10/2017,Wed,3.5892
2458053,26/10/2017,Thu,3.6588
2458054,27/10/2017,Fri,3.6588
2458057,30/10/2017,Mon,3.6493
2458058,31/10/2017,Tue,3.6428
2458059,01/11/2017,Wed,3.6385
2458060,02/11/2017,Thu,3.634
2458061,03/11/2017,Fri,3.6566
2458064,06/11/2017,Mon,3.6527
2458065,07/11/2017,Tue,3.6594
2458066,08/11/2017,Wed,3.6545
2458067,09/11/2017,Thu,3.634
2458068,10/11/2017,Fri,3.6227
2458072,14/11/2017,Tue,3.6029
2458073,15/11/2017,Wed,3.5999
2458074,16/11/2017,Thu,3.5866
2458075,17/11/2017,Fri,3.5919
2458078,20/11/2017,Mon,3.6056
2458079,21/11/2017,Tue,3.5935
2458080,22/11/2017,Wed,3.5639
2458081,23/11/2017,Thu,3.5525
2458082,24/11/2017,Fri,3.5283
2458085,27/11/2017,Mon,3.5375
2458086,28/11/2017,Tue,3.5484
2458087,29/11/2017,Wed,3.5441
2458088,30/11/2017,Thu,3.5298
2458089,01/12/2017,Fri,3.5425
2458092,04/12/2017,Mon,3.5444
2458093,05/12/2017,Tue,3.5593
2458094,06/12/2017,Wed,3.571
2458095,07/12/2017,Thu,3.5778
2458096,08/12/2017,Fri,3.5664
2458099,11/12/2017,Mon,3.5678
2458100,12/12/2017,Tue,3.5833
2458101,13/12/2017,Wed,3.5639
2458102,14/12/2017,Thu,3.5836
2458103,15/12/2017,Fri,3.5828
2458106,18/12/2017,Mon,3.5718
2458107,19/12/2017,Tue,3.5483
2458108,20/12/2017,Wed,3.5423
2458109,21/12/2017,Thu,3.5423
2458115,27/12/2017,Wed,3.5191
2458116,28/12/2017,Thu,3.499
2458117,29/12/2017,Fri,3.4841
2457757,03/01/2017,Tue,4.2192
2457758,04/01/2017,Wed,4.171
2457759,05/01/2017,Thu,4.1184
2457760,06/01/2017,Fri,4.1261
2457763,09/01/2017,Mon,4.1409
2457764,10/01/2017,Tue,4.1365
2457765,11/01/2017,Wed,4.1649
2457766,12/01/2017,Thu,4.1031
2457767,13/01/2017,Fri,4.1279
2457770,16/01/2017,Mon,4.1276
2457771,17/01/2017,Tue,4.0876
2457772,18/01/2017,Wed,4.0846
2457773,19/01/2017,Thu,4.1075
2457774,20/01/2017,Fri,4.0905
2457777,23/01/2017,Mon,4.0701
2457778,24/01/2017,Tue,4.0668
2457779,25/01/2017,Wed,4.0555
2457780,26/01/2017,Thu,4.0759
2457781,27/01/2017,Fri,4.0494
2457784,30/01/2017,Mon,4.0536
2457785,31/01/2017,Tue,4.0055
2457786,01/02/2017,Wed,4.0101
2457787,02/02/2017,Thu,3.9972
2457788,03/02/2017,Fri,3.9926
2457791,06/02/2017,Mon,4.0015
2457792,07/02/2017,Tue,4.0205
2457793,08/02/2017,Wed,4.0297
2457794,09/02/2017,Thu,4.0509
2457795,10/02/2017,Fri,4.0477
2457798,13/02/2017,Mon,4.0707
2457799,14/02/2017,Tue,4.0712
2457800,15/02/2017,Wed,4.0697
2457801,16/02/2017,Thu,4.0477
2457802,17/02/2017,Fri,4.0784
2457806,21/02/2017,Tue,4.0747
2457807,22/02/2017,Wed,4.0801
2457808,23/02/2017,Thu,4.0686
2457809,24/02/2017,Fri,4.081
2457812,27/02/2017,Mon,4.0585
2457813,28/02/2017,Tue,4.0588
2457814,01/03/2017,Wed,4.0578
2457815,02/03/2017,Thu,4.0817
2457816,03/03/2017,Fri,4.0701
2457819,06/03/2017,Mon,4.076
2457820,07/03/2017,Tue,4.0682
2457821,08/03/2017,Wed,4.0814
2457822,09/03/2017,Thu,4.085
2457823,10/03/2017,Fri,4.0618
2457826,13/03/2017,Mon,4.0693
2457827,14/03/2017,Tue,4.0637
2457828,15/03/2017,Wed,4.0552
2457829,16/03/2017,Thu,4.0012
2457830,17/03/2017,Fri,3.9919
2457833,20/03/2017,Mon,3.9777
2457834,21/03/2017,Tue,3.9572
2457835,22/03/2017,Wed,3.9558
2457836,23/03/2017,Thu,3.9564
2457837,24/03/2017,Fri,3.946
2457840,27/03/2017,Mon,3.9019
2457841,28/03/2017,Tue,3.9016
2457842,29/03/2017,Wed,3.9272
2457843,30/03/2017,Thu,3.9299
2457844,31/03/2017,Fri,3.9637
2457847,03/04/2017,Mon,3.986
2457848,04/04/2017,Tue,3.9878
2457849,05/04/2017,Wed,3.9701
2457850,06/04/2017,Thu,3.9778
2457851,07/04/2017,Fri,3.9742
2457854,10/04/2017,Mon,3.9985
2457855,11/04/2017,Tue,4.0045
2457856,12/04/2017,Wed,4.0018
2457857,13/04/2017,Thu,3.9919
2457861,17/04/2017,Mon,3.9895
2457862,18/04/2017,Tue,3.9589
2457863,19/04/2017,Wed,3.9708
2457864,20/04/2017,Thu,3.9682
2457865,21/04/2017,Fri,3.9867
2457868,24/04/2017,Mon,3.9075
2457869,25/04/2017,Tue,3.8613
2457870,26/04/2017,Wed,3.8912
2457871,27/04/2017,Thu,3.886
2457872,28/04/2017,Fri,3.881
2457875,01/05/2017,Mon,3.8713
2457876,02/05/2017,Tue,3.8403
2457877,03/05/2017,Wed,3.8586
2457878,04/05/2017,Thu,3.8523
2457879,05/05/2017,Fri,3.828
2457882,08/05/2017,Mon,3.8713
2457883,09/05/2017,Tue,3.8856
2457884,10/05/2017,Wed,3.8709
2457885,11/05/2017,Thu,3.8893
2457886,12/05/2017,Fri,3.8543
2457889,15/05/2017,Mon,3.8216
2457890,16/05/2017,Tue,3.7626
2457891,17/05/2017,Wed,3.758
2457892,18/05/2017,Thu,3.7951
2457893,19/05/2017,Fri,3.7469
2457897,23/05/2017,Tue,3.7578
2457898,24/05/2017,Wed,3.7178
2457899,25/05/2017,Thu,3.7251
2457900,26/05/2017,Fri,3.7395
2457903,29/05/2017,Mon,3.7571
2457904,30/05/2017,Tue,3.7363
2457905,31/05/2017,Wed,3.7204
2457906,01/06/2017,Thu,3.7388
2457907,02/06/2017,Fri,3.7088
2457910,05/06/2017,Mon,3.7168
2457911,06/06/2017,Tue,3.7211
2457912,07/06/2017,Wed,3.7414
2457913,08/06/2017,Thu,3.7537
2457914,09/06/2017,Fri,3.7378
2457917,12/06/2017,Mon,3.7448
2457918,13/06/2017,Tue,3.7393
2457919,14/06/2017,Wed,3.7407
2457920,15/06/2017,Thu,3.7924
2457921,16/06/2017,Fri,3.7608
2457924,19/06/2017,Mon,3.784
2457925,20/06/2017,Tue,3.8138
2457926,21/06/2017,Wed,3.8116
2457927,22/06/2017,Thu,3.7983
2457928,23/06/2017,Fri,3.7727
2457931,26/06/2017,Mon,3.7579
2457932,27/06/2017,Tue,3.7371
2457933,28/06/2017,Wed,3.7166
2457934,29/06/2017,Thu,3.7113
2457935,30/06/2017,Fri,3.7027
2457939,04/07/2017,Tue,3.7297
2457940,05/07/2017,Wed,3.7283
2457941,06/07/2017,Thu,3.7124
2457942,07/07/2017,Fri,3.7151
2457945,10/07/2017,Mon,3.718
2457946,11/07/2017,Tue,3.6925
2457947,12/07/2017,Wed,3.7003
2457948,13/07/2017,Thu,3.7059
2457949,14/07/2017,Fri,3.6664
2457952,17/07/2017,Mon,3.6492
2457953,18/07/2017,Tue,3.6369
2457954,19/07/2017,Wed,3.6505
2457955,20/07/2017,Thu,3.6267
2457956,21/07/2017,Fri,3.6582
2457959,24/07/2017,Mon,3.6636
2457960,25/07/2017,Tue,3.6629
2457961,26/07/2017,Wed,3.6224
2457962,27/07/2017,Thu,3.639
2457963,28/07/2017,Fri,3.6196
2457966,31/07/2017,Mon,3.596
2457967,01/08/2017,Tue,3.603
2457968,02/08/2017,Wed,3.5955
2457969,03/08/2017,Thu,3.5707
2457970,04/08/2017,Fri,3.6053
2457974,08/08/2017,Tue,3.6307
2457975,09/08/2017,Wed,3.6293
2457976,10/08/2017,Thu,3.636
2457977,11/08/2017,Fri,3.6227
2457980,14/08/2017,Mon,3.6365
2457981,15/08/2017,Tue,3.6546
2457982,16/08/2017,Wed,3.6253
2457983,17/08/2017,Thu,3.6424
2457984,18/08/2017,Fri,3.6337
2457987,21/08/2017,Mon,3.6199
2457988,22/08/2017,Tue,3.6357
2457989,23/08/2017,Wed,3.6279
2457990,24/08/2017,Thu,3.6126
2457991,25/08/2017,Fri,3.5721
2457994,28/08/2017,Mon,3.5559
2457995,29/08/2017,Tue,3.5525
2457996,30/08/2017,Wed,3.5763
2457997,31/08/2017,Thu,3.565
2457998,01/09/2017,Fri,3.5865
2458002,05/09/2017,Tue,3.5505
2458003,06/09/2017,Wed,3.5633
2458004,07/09/2017,Thu,3.5312
2458005,08/09/2017,Fri,3.5265
2458008,11/09/2017,Mon,3.5518
2458009,12/09/2017,Tue,3.5558
2458010,13/09/2017,Wed,3.6052
2458011,14/09/2017,Thu,3.5922
2458012,15/09/2017,Fri,3.5801
2458015,18/09/2017,Mon,3.5875
2458016,19/09/2017,Tue,3.569
2458017,20/09/2017,Wed,3.6022
2458018,21/09/2017,Thu,3.5778
2458019,22/09/2017,Fri,3.5702
2458022,25/09/2017,Mon,3.6083
2458023,26/09/2017,Tue,3.635
2458024,27/09/2017,Wed,3.682
2458025,28/09/2017,Thu,3.6613
2458026,29/09/2017,Fri,3.6506
2458029,02/10/2017,Mon,3.6833
2458030,03/10/2017,Tue,3.6686
2458031,04/10/2017,Wed,3.658
2458032,05/10/2017,Thu,3.6774
2458033,06/10/2017,Fri,3.6743
2458037,10/10/2017,Tue,3.6338
2458038,11/10/2017,Wed,3.5985
2458039,12/10/2017,Thu,3.6044
2458040,13/10/2017,Fri,3.5924
2458043,16/10/2017,Mon,3.5921
2458044,17/10/2017,Tue,3.5967
2458045,18/10/2017,Wed,3.5853
2458046,19/10/2017,Thu,3.5716
2458047,20/10/2017,Fri,3.594
2458050,23/10/2017,Mon,3.5957
2458051,24/10/2017,Tue,3.6113
2458052,25/10/2017,Wed,3.5892
2458053,26/10/2017,Thu,3.6588
2458054,27/10/2017,Fri,3.6588
2458057,30/10/2017,Mon,3.6493
2458058,31/10/2017,Tue,3.6428
2458059,01/11/2017,Wed,3.6385
2458060,02/11/2017,Thu,3.634
2458061,03/11/2017,Fri,3.6566
2458064,06/11/2017,Mon,3.6527
2458065,07/11/2017,Tue,3.6594
2458066,08/11/2017,Wed,3.6545
2458067,09/11/2017,Thu,3.634
2458068,10/11/2017,Fri,3.6227
2458072,14/11/2017,Tue,3.6029
2458073,15/11/2017,Wed,3.5999
2458074,16/11/2017,Thu,3.5866
2458075,17/11/2017,Fri,3.5919
2458078,20/11/2017,Mon,3.6056
2458079,21/11/2017,Tue,3.5935
2458080,22/11/2017,Wed,3.5639
2458081,23/11/2017,Thu,3.5525
2458082,24/11/2017,Fri,3.5283
2458085,27/11/2017,Mon,3.5375
2458086,28/11/2017,Tue,3.5484
2458087,29/11/2017,Wed,3.5441
2458088,30/11/2017,Thu,3.5298
2458089,01/12/2017,Fri,3.5425
2458092,04/12/2017,Mon,3.5444
2458093,05/12/2017,Tue,3.5593
2458094,06/12/2017,Wed,3.571
2458095,07/12/2017,Thu,3.5778
2458096,08/12/2017,Fri,3.5664
2458099,11/12/2017,Mon,3.5678
2458100,12/12/2017,Tue,3.5833
2458101,13/12/2017,Wed,3.5639
2458102,14/12/2017,Thu,3.5836
2458103,15/12/2017,Fri,3.5828
2458106,18/12/2017,Mon,3.5718
2458107,19/12/2017,Tue,3.5483
2458108,20/12/2017,Wed,3.5423
2458109,21/12/2017,Thu,3.5423
2458115,27/12/2017,Wed,3.5191
2458116,28/12/2017,Thu,3.499
2458117,29/12/2017,Fri,3.4841
2458121,02/01/2018,Tue,3.4539
2458122,03/01/2018,Wed,3.4548
2458123,04/01/2018,Thu,3.4328
2458124,05/01/2018,Fri,3.4524
2458127,08/01/2018,Mon,3.4848
2458129,10/01/2018,Wed,3.4922
2458130,11/01/2018,Thu,3.4598
2458131,12/01/2018,Fri,3.4179
2458134,15/01/2018,Mon,3.4036
2458135,16/01/2018,Tue,3.3955
2458136,17/01/2018,Wed,3.4166
2458137,18/01/2018,Thu,3.3963
2458138,19/01/2018,Fri,3.4141
2458141,22/01/2018,Mon,3.3986
2458142,23/01/2018,Tue,3.387
2458143,24/01/2018,Wed,3.3457
2458144,25/01/2018,Thu,3.3345
2458145,26/01/2018,Fri,3.3243
2458148,29/01/2018,Mon,3.3485
2458149,30/01/2018,Tue,3.3492
2458150,31/01/2018,Wed,3.3415
2458151,01/02/2018,Thu,3.3256
2458152,02/02/2018,Fri,3.3468
2458155,05/02/2018,Mon,3.3626
2458156,06/02/2018,Tue,3.3535
2458157,07/02/2018,Wed,3.3988
2458158,08/02/2018,Thu,3.4214
2458159,09/02/2018,Fri,3.4174
2458162,12/02/2018,Mon,3.391
2458163,13/02/2018,Tue,3.3725
2458164,14/02/2018,Wed,3.3343
2458165,15/02/2018,Thu,3.3214
2458166,16/02/2018,Fri,3.3506
2458170,20/02/2018,Tue,3.3625
2458171,21/02/2018,Wed,3.4001
2458172,22/02/2018,Thu,3.3938
2458173,23/02/2018,Fri,3.393
2458176,26/02/2018,Mon,3.3793
2458177,27/02/2018,Tue,3.4128
2458178,28/02/2018,Wed,3.4269
2458179,01/03/2018,Thu,3.4132
2458180,02/03/2018,Fri,3.4001
2458183,05/03/2018,Mon,3.3892
2458184,06/03/2018,Tue,3.3747
2458185,07/03/2018,Wed,3.3967
2458186,08/03/2018,Thu,3.4181
2458187,09/03/2018,Fri,3.4099
2458190,12/03/2018,Mon,3.4064
2458191,13/03/2018,Tue,3.3979
2458192,14/03/2018,Wed,3.3938
2458193,15/03/2018,Thu,3.4257
2458194,16/03/2018,Fri,3.4316
2458197,19/03/2018,Mon,3.4224
2458198,20/03/2018,Tue,3.4501
2458199,21/03/2018,Wed,3.4176
2458200,22/03/2018,Thu,3.4246
2458201,23/03/2018,Fri,3.4209
2458204,26/03/2018,Mon,3.3908
2458205,27/03/2018,Tue,3.3913
2458206,28/03/2018,Wed,3.4168
2458207,29/03/2018,Thu,3.421
2458211,02/04/2018,Mon,3.4194
2458212,03/04/2018,Tue,3.4162
2458213,04/04/2018,Wed,3.4205
2458214,05/04/2018,Thu,3.4238
2458215,06/04/2018,Fri,3.4182
2458218,09/04/2018,Mon,3.4015
2458219,10/04/2018,Tue,3.3883
2458220,11/04/2018,Wed,3.3811
2458222,13/04/2018,Fri,3.3799
2458225,16/04/2018,Mon,3.3525
2458226,17/04/2018,Tue,3.366
2458227,18/04/2018,Wed,3.3639
2458228,19/04/2018,Thu,3.3742
2458229,20/04/2018,Fri,3.3952
2458232,23/04/2018,Mon,3.4423
2458233,24/04/2018,Tue,3.4409
2458234,25/04/2018,Wed,3.4729
2458235,26/04/2018,Thu,3.492
2458236,27/04/2018,Fri,3.4685
2458239,30/04/2018,Mon,3.5087
2458240,01/05/2018,Tue,3.5671
2458241,02/05/2018,Wed,3.5676
2458242,03/05/2018,Thu,3.5602
2458243,04/05/2018,Fri,3.552
2458246,07/05/2018,Mon,3.5705
2458247,08/05/2018,Tue,3.6124
2458248,09/05/2018,Wed,3.5987
2458249,10/05/2018,Thu,3.566
2458250,11/05/2018,Fri,3.5723
2458253,14/05/2018,Mon,3.5797
2458254,15/05/2018,Tue,3.6356
2458255,16/05/2018,Wed,3.6174
2458256,17/05/2018,Thu,3.6391
2458257,18/05/2018,Fri,3.6504
2458261,22/05/2018,Tue,3.6373
2458262,23/05/2018,Wed,3.6736
2458263,24/05/2018,Thu,3.6805
2458264,25/05/2018,Fri,3.7022
2458267,28/05/2018,Mon,3.7008
2458268,29/05/2018,Tue,3.7563
2458269,30/05/2018,Wed,3.6996
2458270,31/05/2018,Thu,3.6899
2458271,01/06/2018,Fri,3.6916
2458274,04/06/2018,Mon,3.654
2458275,05/06/2018,Tue,3.6507
2458276,06/06/2018,Wed,3.6183
2458277,07/06/2018,Thu,3.6228
2458278,08/06/2018,Fri,3.6354
2458281,11/06/2018,Mon,3.631
2458282,12/06/2018,Tue,3.6459
2458283,13/06/2018,Wed,3.6245
2458284,14/06/2018,Thu,3.7079
2458285,15/06/2018,Fri,3.6884
2458288,18/06/2018,Mon,3.7001
2458289,19/06/2018,Tue,3.7266
2458290,20/06/2018,Wed,3.7295
2458291,21/06/2018,Thu,3.7289
2458292,22/06/2018,Fri,3.7088
2458295,25/06/2018,Mon,3.7142
2458296,26/06/2018,Tue,3.722
2458297,27/06/2018,Wed,3.7623
2458298,28/06/2018,Thu,3.7703
2458299,29/06/2018,Fri,3.7425
2458303,03/07/2018,Tue,3.7647
2458304,04/07/2018,Wed,3.7602
2458305,05/07/2018,Thu,3.7214
2458306,06/07/2018,Fri,3.7173
2458310,10/07/2018,Tue,3.6868
2458311,11/07/2018,Wed,3.6853
2458312,12/07/2018,Thu,3.7069
2458313,13/07/2018,Fri,3.7057
2458317,17/07/2018,Tue,3.682
2458318,18/07/2018,Wed,3.6983
2458319,19/07/2018,Thu,3.7371
2458320,20/07/2018,Fri,3.6788
2458324,24/07/2018,Tue,3.6907
2458325,25/07/2018,Wed,3.6682
2458326,26/07/2018,Thu,3.6609
2458327,27/07/2018,Fri,3.6898
2458331,31/07/2018,Tue,3.6393
2458332,01/08/2018,Wed,3.6468
2458333,02/08/2018,Thu,3.6797
2458334,03/08/2018,Fri,3.6674
2458338,07/08/2018,Tue,3.6803
2458339,08/08/2018,Wed,3.6679
2458340,09/08/2018,Thu,3.6882
2458341,10/08/2018,Fri,3.7508
2458345,14/08/2018,Tue,3.7739
2458346,15/08/2018,Wed,3.8338
2458347,16/08/2018,Thu,3.7974
2458348,17/08/2018,Fri,3.7659
2458352,21/08/2018,Tue,3.7495
2458353,22/08/2018,Wed,3.6848
2458354,23/08/2018,Thu,3.7038
2458355,24/08/2018,Fri,3.6835
2458359,28/08/2018,Tue,3.6479
2458360,29/08/2018,Wed,3.6702
2458361,30/08/2018,Thu,3.682
2458362,31/08/2018,Fri,3.6877
2458366,04/09/2018,Tue,3.7248
2458367,05/09/2018,Wed,3.7361
2458369,07/09/2018,Fri,3.7217
2458373,11/09/2018,Tue,3.7181
2458374,12/09/2018,Wed,3.7054
2458375,13/09/2018,Thu,3.7066
2458376,14/09/2018,Fri,3.6897
2458380,18/09/2018,Tue,3.6671
2458381,19/09/2018,Wed,3.6739
2458382,20/09/2018,Thu,3.6506
2458383,21/09/2018,Fri,3.65
2458387,25/09/2018,Tue,3.6421
2458388,26/09/2018,Wed,3.6523
2458389,27/09/2018,Thu,3.6472
2458390,28/09/2018,Fri,3.6757
2458394,02/10/2018,Tue,3.7171
2458395,03/10/2018,Wed,3.7194
2458396,04/10/2018,Thu,3.7542
2458397,05/10/2018,Fri,3.7467
2458401,09/10/2018,Tue,3.7649
2458402,10/10/2018,Wed,3.756
2458403,11/10/2018,Thu,3.7267
2458404,12/10/2018,Fri,3.7166
2458408,16/10/2018,Tue,3.6969
2458409,17/10/2018,Wed,3.7304
2458410,18/10/2018,Thu,3.7398
2458411,19/10/2018,Fri,3.7713
2458415,23/10/2018,Tue,3.7395
2458416,24/10/2018,Wed,3.7647
2458417,25/10/2018,Thu,3.7836
2458418,26/10/2018,Fri,3.7943
2458422,30/10/2018,Tue,3.8066
2458423,31/10/2018,Wed,3.8386
2458424,01/11/2018,Thu,3.7997
2458425,02/11/2018,Fri,3.7855
2458429,06/11/2018,Tue,3.7726
2458430,07/11/2018,Wed,3.7442
2458431,08/11/2018,Thu,3.7589
2458432,09/11/2018,Fri,3.783
2458436,13/11/2018,Tue,3.8236
2458437,14/11/2018,Wed,3.8022
2458438,15/11/2018,Thu,3.7916
2458439,16/11/2018,Fri,3.7957
2458443,20/11/2018,Tue,3.7986
2458444,21/11/2018,Wed,3.7675
2458445,22/11/2018,Thu,3.7672
2458446,23/11/2018,Fri,3.7827
2458450,27/11/2018,Tue,3.7963
2458451,28/11/2018,Wed,3.8
2458452,29/11/2018,Thu,3.7687
2458453,30/11/2018,Fri,3.7749
2458457,04/12/2018,Tue,3.7661
2458458,05/12/2018,Wed,3.7931
2458459,06/12/2018,Thu,3.7742
2458460,07/12/2018,Fri,3.7456
2458464,11/12/2018,Tue,3.7802
2458465,12/12/2018,Wed,3.7818
2458466,13/12/2018,Thu,3.7743
2458467,14/12/2018,Fri,3.8089
2458471,18/12/2018,Tue,3.7804
2458472,19/12/2018,Wed,3.7575
2458473,20/12/2018,Thu,3.7514
2458474,21/12/2018,Fri,3.7604
2458477,24/12/2018,Mon,3.7551
2458480,27/12/2018,Thu,3.7794
2458481,28/12/2018,Fri,3.7612
2458484,31/12/2018,Mon,3.7603
2458486,02/01/2019,Wed,3.7583
2458487,03/01/2019,Thu,3.7695
2458488,04/01/2019,Fri,3.7582
2458492,08/01/2019,Tue,3.7634
2458493,09/01/2019,Wed,3.7443
2458494,10/01/2019,Thu,3.7278
2458495,11/01/2019,Fri,3.737
2458499,15/01/2019,Tue,3.7582
2458500,16/01/2019,Wed,3.7616
2458501,17/01/2019,Thu,3.758
2458502,18/01/2019,Fri,3.7615
2458506,22/01/2019,Tue,3.7765
2458507,23/01/2019,Wed,3.7831
2458508,24/01/2019,Thu,3.7764
2458509,25/01/2019,Fri,3.7652
2458513,29/01/2019,Tue,3.7652
2458514,30/01/2019,Wed,3.7456
2458515,31/01/2019,Thu,3.7178
2458516,01/02/2019,Fri,3.7126
2458520,05/02/2019,Tue,3.7549
2458521,06/02/2019,Wed,3.7693
2458522,07/02/2019,Thu,3.7976
2458523,08/02/2019,Fri,3.785
2458527,12/02/2019,Tue,3.8286
2458528,13/02/2019,Wed,3.8278
2458529,14/02/2019,Thu,3.8591
2458530,15/02/2019,Fri,3.8406
2458534,19/02/2019,Tue,3.8355
2458535,20/02/2019,Wed,3.8254
2458536,21/02/2019,Thu,3.8258
2458537,22/02/2019,Fri,3.8149
2458541,26/02/2019,Tue,3.8013
2458542,27/02/2019,Wed,3.7906
2458543,28/02/2019,Thu,3.7724
2458544,01/03/2019,Fri,3.8171
2458548,05/03/2019,Tue,3.7976
2458549,06/03/2019,Wed,3.8142
2458550,07/03/2019,Thu,3.8181
2458551,08/03/2019,Fri,3.8226
2458555,12/03/2019,Tue,3.8063
2458556,13/03/2019,Wed,3.7975
2458557,14/03/2019,Thu,3.8045
2458558,15/03/2019,Fri,3.7992
2458562,19/03/2019,Tue,3.7845
2458563,20/03/2019,Wed,3.7714
2458564,21/03/2019,Thu,3.7669
2458565,22/03/2019,Fri,3.7975
2458569,26/03/2019,Tue,3.798
2458570,27/03/2019,Wed,3.8139
2458571,28/03/2019,Thu,3.8283
2458572,29/03/2019,Fri,3.8313
2458576,02/04/2019,Tue,3.8418
2458577,03/04/2019,Wed,3.8225
2458578,04/04/2019,Thu,3.8227
2458579,05/04/2019,Fri,3.8205
2458583,09/04/2019,Tue,3.8098
2458584,10/04/2019,Wed,3.7972
2458585,11/04/2019,Thu,3.8029
2458586,12/04/2019,Fri,3.7822
2458590,16/04/2019,Tue,3.7796
2458591,17/04/2019,Wed,3.7803
2458592,18/04/2019,Thu,3.8006
2458597,23/04/2019,Tue,3.8207
2458598,24/04/2019,Wed,3.8336
2458599,25/04/2019,Thu,3.8576
2458600,26/04/2019,Fri,3.8425
2458604,30/04/2019,Tue,3.817
2458606,02/05/2019,Thu,3.8248
2458607,03/05/2019,Fri,3.8316
2458611,07/05/2019,Tue,3.8341
2458612,08/05/2019,Wed,3.8334
2458613,09/05/2019,Thu,3.8354
2458614,10/05/2019,Fri,3.8094
2458618,14/05/2019,Tue,3.8367
2458619,15/05/2019,Wed,3.8452
2458620,16/05/2019,Thu,3.8391
2458621,17/05/2019,Fri,3.8446
2458625,21/05/2019,Tue,3.8592
2458626,22/05/2019,Wed,3.8599
2458627,23/05/2019,Thu,3.8694
2458628,24/05/2019,Fri,3.8389
2458632,28/05/2019,Tue,3.8408
2458633,29/05/2019,Wed,3.8571
2458634,30/05/2019,Thu,3.8527
2458635,31/05/2019,Fri,3.8342
2458639,04/06/2019,Tue,3.7995
2458640,05/06/2019,Wed,3.804
2458641,06/06/2019,Thu,3.7918
2458642,07/06/2019,Fri,3.7672
2458646,11/06/2019,Tue,3.7774
2458647,12/06/2019,Wed,3.764
2458648,13/06/2019,Thu,3.7764
2458649,14/06/2019,Fri,3.7909
2458653,18/06/2019,Tue,3.7991
2458654,19/06/2019,Wed,3.7982
2458655,20/06/2019,Thu,3.771
2458656,21/06/2019,Fri,3.7689
2458660,25/06/2019,Tue,3.7379
2458661,26/06/2019,Wed,3.7445
2458662,27/06/2019,Thu,3.734
2458663,28/06/2019,Fri,3.7343
2458667,02/07/2019,Tue,3.7547
2458668,03/07/2019,Wed,3.7492
2458669,04/07/2019,Thu,3.7576
2458670,05/07/2019,Fri,3.7795
2458674,09/07/2019,Tue,3.8053
2458675,10/07/2019,Wed,3.8029
2458676,11/07/2019,Thu,3.7861
2458677,12/07/2019,Fri,3.7935
2458681,16/07/2019,Tue,3.7931
2458682,17/07/2019,Wed,3.7982
2458683,18/07/2019,Thu,3.7999
2458684,19/07/2019,Fri,3.797
2458688,23/07/2019,Tue,3.8016
2458689,24/07/2019,Wed,3.8213
2458690,25/07/2019,Thu,3.8266
2458691,26/07/2019,Fri,3.8316
2458695,30/07/2019,Tue,3.8463
2458696,31/07/2019,Wed,3.8481
2458697,01/08/2019,Thu,3.8902
2458698,02/08/2019,Fri,3.8703
2458702,06/08/2019,Tue,3.8651
2458703,07/08/2019,Wed,3.855
2458704,08/08/2019,Thu,3.8528
2458705,09/08/2019,Fri,3.8593
2458709,13/08/2019,Tue,3.8557
2458710,14/08/2019,Wed,3.9131
2458711,15/08/2019,Thu,3.9396
2458712,16/08/2019,Fri,3.9128
2458716,20/08/2019,Tue,3.9307
2458717,21/08/2019,Wed,3.9156
2458718,22/08/2019,Thu,3.9407
2458719,23/08/2019,Fri,3.9322
2458723,27/08/2019,Tue,3.9466
2458724,28/08/2019,Wed,3.9553
2458725,29/08/2019,Thu,3.9628
2458726,30/08/2019,Fri,3.9738
2458730,03/09/2019,Tue,3.983
2458731,04/09/2019,Wed,3.9209
2458732,05/09/2019,Thu,3.9315
2458733,06/09/2019,Fri,3.9201
2458737,10/09/2019,Tue,3.9216
2458738,11/09/2019,Wed,3.948
2458739,12/09/2019,Thu,3.9524
2458740,13/09/2019,Fri,3.9101
2458744,17/09/2019,Tue,3.9368
2458745,18/09/2019,Wed,3.9301
2458746,19/09/2019,Thu,3.917
2458747,20/09/2019,Fri,3.9523
2458751,24/09/2019,Tue,3.9797
2458752,25/09/2019,Wed,3.9969
2458753,26/09/2019,Thu,4.0169
2458754,27/09/2019,Fri,4.01
